Date,Carnation,Normandy Park,Sammamish,Covington,Kent,Issaquah,Renton,Bothell,Kirkland,Federal Way,Shoreline,SeaTac,Beaux Arts Village,Medina,Algona,Black Diamond,Newcastle,Snoqualmie,Yarrow Point,Milton,Duvall,Enumclaw,North Bend,Burien,Tukwila,Lake Forest Park,Clyde Hill,Mercer Island,Bellevue,Woodinville,Redmond,Hunts Point,Maple Valley,Kenmore,Pacific,Auburn,Skykomish,Des Moines,Seattle
2018-06-12 00:00:00,0.0387596899225,0.147286821705,0.773151471718,0.682725364791,2.16763023107,1.18128835646,1.93442944549,1.26953977263,2.7507640255,3.25404360352,1.06750254233,1.51730532082,0.0,0.000475846839635,0.164252705339,0.0775193798448,0.221658885266,0.119308284358,0.0,0.186046511628,0.0852713178293,0.224806201549,0.193798449612,1.85891592854,1.87130487396,0.480943372917,0.0697674418605,1.37902475805,3.01618307765,0.624912003026,2.23292057624,0.0268306689355,0.542172053195,0.494357654855,0.302056357634,2.29906646338,0.0077519379845,1.01050630739,5.07219949035
2018-06-13 00:00:00,0.0232558139535,0.131782945737,0.759220814569,0.761501368424,2.26896952078,1.0178690186,2.099536457,1.24793058501,2.78018396161,3.85149502727,1.10892801412,1.7345481408,0.0,0.00166546393872,0.206836740056,0.116279069767,0.208620127309,0.185590664556,0.0155432276126,0.217054263566,0.0775193798447,0.333333333332,0.310077519379,1.92134220973,2.19562611745,0.420825451303,0.0775193798449,0.996456599366,3.162341729,0.715105488002,2.14960264428,0.0268306689355,0.522091606781,0.457543786941,0.386351155114,2.30928453656,0.0,0.867351247183,5.58415177141
2018-06-14 00:00:00,0.015503875969,0.124031007752,0.856735414608,0.656466696915,2.22259391363,1.01319989467,1.99467119294,1.2371259912,2.67721418526,3.48701208322,1.03245022004,1.55803834957,0.0,0.00214131077835,0.109501803559,0.0930232558142,0.228178264245,0.152449474458,0.00777161380633,0.131782945737,0.100775193798,0.410852713179,0.263565891472,1.96989598398,1.86843477446,0.413310711099,0.0542635658916,1.29005541882,3.34570440067,0.747317446919,2.23292057624,0.0201230017016,0.448463303259,0.383916051111,0.259908958895,2.23775802437,0.0077519379845,1.20418668298,5.01842299025
2018-06-15 00:00:00,0.0232558139535,0.15503875969,0.717428843127,0.68929003176,2.27068713586,0.877795300448,2.12631056697,1.34517192929,2.6625042172,3.46070919035,1.12486088789,1.87032490329,0.0,0.00261715761799,0.212920173587,0.100775193799,0.189061990374,0.205475378617,0.0310864552253,0.224806201551,0.116279069768,0.29457364341,0.209302325581,1.9074697028,1.98897895346,0.413310711099,0.0465116279069,1.19218914567,3.43074216145,0.734432663352,2.33845662336,0.0167691680847,0.481930713949,0.567985390685,0.386351155114,2.25478814631,0.0,0.934718334339,5.50671361125
2018-06-16 00:00:00,0.0232558139535,0.0930232558143,0.508468985906,0.55143202541,1.28134084974,0.522941881118,1.41456547687,0.534827393573,1.20131405749,2.02532275092,0.519411684775,1.24235737678,0.0,0.000475846839635,0.0973349364969,0.0697674418605,0.117348821611,0.152449474458,0.0,0.116279069768,0.0620155038761,0.29457364341,0.186046511629,1.58840204342,1.22266238697,0.293074867872,0.031007751938,0.52491910145,1.48284595359,0.367216331676,0.888724607455,0.00670766723388,0.401608928292,0.294510943318,0.133466762676,1.27725914633,0.0,0.673670871594,3.78586560772
2018-06-17 00:00:00,0.015503875969,0.0775193798449,0.557226285923,0.663031363884,1.62314625068,0.78441282168,1.84295123642,0.734712379051,1.40235028751,2.50253237868,0.665994123422,1.52409415894,0.012987012987,0.000951693679268,0.109501803559,0.0930232558142,0.156465095482,0.152449474458,0.023314841419,0.077519379845,0.0930232558139,0.310077519379,0.209302325581,1.56759328303,1.57568462547,0.225442206055,0.015503875969,0.631682308525,2.24021351053,0.470294600216,1.19977822006,0.0201230017016,0.468543749673,0.299770067304,0.154540462046,1.76432063412,0.0,1.01050630739,4.58821098937
2018-06-18 00:00:00,0.015503875969,0.0775193798449,0.780116800293,0.669596030853,2.02163294925,0.994523398912,1.79386536814,1.03724100572,2.35359488813,2.87077287886,0.943226126952,1.47996671113,0.0,0.000951693679268,0.188586439463,0.0852713178292,0.169503853439,0.165705950497,0.0310864552253,0.131782945737,0.0542635658915,0.302325581396,0.15503875969,1.86585218201,1.50106203847,0.428340191505,0.031007751938,0.765136317365,2.51924366309,0.508948950921,2.11627547151,0.0134153344677,0.475237231811,0.436507290988,0.238835259525,2.06064475607,0.0,0.909455676653,4.35482097888
2018-06-19 00:00:00,0.0387596899225,0.147286821705,0.850516266058,0.78584000661,2.26179978036,1.45132106559,1.99144766986,1.29911626512,3.690857569,5.10489711105,1.13738026317,1.53188594953,0.0,0.000429276194389,0.199650343256,0.0775193798448,0.263456781676,0.136339537087,0.0,0.186046511628,0.0852713178293,0.224806201549,0.193798449612,2.05174330688,2.25472761207,0.503113814052,0.0697674418605,1.17793165601,3.97523443429,0.750362757865,2.85807233398,0.0338916107574,0.615072831274,0.557866155217,0.349318568978,3.14542346632,0.0077519379845,1.36806156826,3.65116514238
2018-06-20 00:00:00,0.0232558139535,0.131782945737,0.83519164865,0.876513853531,2.36754160843,1.2505454241,2.16142128875,1.27700364784,3.73033198152,6.04217036817,1.18151740771,1.75121637631,0.0,0.00150246668036,0.251411543358,0.116279069767,0.247959323931,0.212083724356,0.0166411900012,0.217054263566,0.0775193798447,0.333333333332,0.310077519379,2.12064513435,2.64550095588,0.440224587296,0.0775193798449,0.85115061596,4.16786693993,0.858662537354,2.7514278439,0.0338916107574,0.592292356042,0.516322930894,0.446802820786,3.15940312618,0.0,1.17425284609,4.01968817204
2018-06-21 00:00:00,0.015503875969,0.124031007752,0.942463970497,0.755615390972,2.31915128033,1.2448089772,2.05346507136,1.2659473392,3.59217153776,5.47037473332,1.10003344856,1.57301040455,0.0,0.00193174287475,0.133100228837,0.0930232558142,0.27120551055,0.174211630722,0.00832059500062,0.131782945737,0.100775193798,0.410852713179,0.263565891472,2.1742354446,2.25126944088,0.432363433949,0.0542635658916,1.1019360653,4.40953317424,0.897341030025,2.85807233398,0.025418708068,0.508763946854,0.433236482244,0.300576443074,3.06154550723,0.0077519379845,1.63027336885,3.61245474011
2018-06-22 00:00:00,0.0232558139535,0.15503875969,0.789217796433,0.79339616052,2.36933384281,1.07845201711,2.1889845783,1.3765104256,3.5724343315,5.42911113081,1.19849323254,1.88829789304,0.0,0.00236101906913,0.258806000516,0.100775193799,0.224713137313,0.234806980538,0.0332823800024,0.224806201551,0.116279069768,0.29457364341,0.209302325581,2.10533361713,2.39651263062,0.432363433949,0.0465116279069,1.01834091552,4.52161026842,0.881869632956,2.99315535473,0.0211822567234,0.546731405574,0.640952603867,0.446802820786,3.08484494031,0.0,1.26545695064,3.96394519276
2018-06-23 00:00:00,0.0232558139535,0.0930232558143,0.559348535336,0.634716928418,1.33700684322,0.642482052749,1.45626046447,0.547287277647,1.61187184386,3.1772973936,0.553411889246,1.25429587814,0.0,0.000429276194389,0.118311314522,0.0697674418605,0.139477119711,0.174211630722,0.0,0.116279069768,0.0620155038761,0.29457364341,0.186046511629,1.75316872118,1.47318092445,0.306584980438,0.031007751938,0.448373985192,1.95434432981,0.440934816478,1.13754122745,0.00847290268936,0.455609504646,0.332345794597,0.154350065362,1.74745748129,0.0,0.912041045503,2.72521232001
2018-06-24 00:00:00,0.015503875969,0.0775193798449,0.612984696257,0.763171544881,1.69366148371,0.963723079127,1.89727309724,0.751828987475,1.88161366263,3.9259370392,0.709589477622,1.53874002537,0.012987012987,0.000858552388776,0.133100228837,0.0930232558142,0.185969492948,0.174211630722,0.0249617850019,0.077519379845,0.0930232558139,0.310077519379,0.209302325581,1.73020144535,1.8985359801,0.235834600337,0.015503875969,0.539568694045,2.95253094986,0.564705993033,1.53568065706,0.025418708068,0.531544422086,0.338280540928,0.178721128315,2.41382126749,0.0,1.36806156826,3.30277152193
2018-06-25 00:00:00,0.015503875969,0.0775193798449,0.858178574761,0.770727698791,2.10945985854,1.2218631896,1.84674039974,1.06140562938,3.15795300021,4.50362747442,1.00496882955,1.49418853243,0.0,0.000858552388776,0.229228171886,0.0852713178292,0.201466950694,0.189360468175,0.0332823800024,0.131782945737,0.0542635658915,0.302325581396,0.15503875969,2.05939906549,1.80862352931,0.448085740641,0.031007751938,0.653562080107,3.32028391515,0.611120184244,2.70877004788,0.0169458053787,0.53913791383,0.492583945563,0.276205380122,2.81923140316,0.0,1.23125541143,3.13476837606
2018-06-26 00:00:00,0.0387596899225,0.147286821705,0.858257713396,0.80141380818,2.26589083975,1.38871056282,1.80628326273,1.33303733623,4.49301527145,4.18223448163,1.14195439361,1.5964010977,0.0,0.000387263370731,0.207278788507,0.0775193798448,0.263456781676,0.13877074772,0.0,0.186046511628,0.0852713178293,0.224806201549,0.193798449612,2.07174550131,2.71567927608,0.491935133598,0.0697674418605,1.20725559342,4.76642371823,0.750362757865,3.03309634709,0.0392848533464,0.624875113433,0.685655099507,0.323535401674,3.88173333674,0.0077519379845,0.304728004258,2.77835442952
2018-06-27 00:00:00,0.0232558139535,0.131782945737,0.842793610451,0.893884632204,2.37182392971,1.19659645333,1.96045276844,1.31034733901,4.54106891073,4.95010432295,1.18626904172,1.82496859267,0.0,0.00135542179756,0.261017733675,0.116279069767,0.247959323931,0.215865607563,0.0144943808759,0.217054263566,0.0775193798447,0.333333333332,0.310077519379,2.14131904427,3.1863414819,0.430443241899,0.0775193798449,0.872339525569,4.9973957927,0.858662537354,2.91992111025,0.0392848533464,0.601731590714,0.634595677205,0.413824350979,3.89898548492,0.0,0.261558203655,3.05878206067
2018-06-28 00:00:00,0.015503875969,0.124031007752,0.951042331062,0.770590200173,2.32334607499,1.19110747878,1.8625342986,1.29900234041,4.3728811733,4.48165542603,1.10445738367,1.63925750301,0.0,0.00174268516829,0.138185859005,0.0930232558142,0.27120551055,0.177318177642,0.00724719043797,0.131782945737,0.100775193798,0.410852713179,0.263565891472,2.1954317999,2.71151412381,0.422756755434,0.0542635658916,1.12936813578,5.28716075881,0.897341030025,3.03309634709,0.0294636400098,0.516872007406,0.532476832596,0.278390927022,3.77822044777,0.0077519379845,0.363134205075,2.74889774558
2018-06-29 00:00:00,0.0232558139535,0.15503875969,0.796401301621,0.809119710181,2.37361940582,1.03192721664,1.98545322882,1.41245232647,4.34885435366,4.44784983554,1.20331313715,1.96782327703,0.0,0.00212994853902,0.268694725842,0.100775193799,0.224713137313,0.238994065517,0.0289887617518,0.224806201551,0.116279069768,0.29457364341,0.209302325581,2.12585825694,2.8864505189,0.422756755434,0.0465116279069,1.04369193238,5.42154451121,0.881869632956,3.17645164707,0.0245530333415,0.555444545271,0.787773944115,0.413824350979,3.80697402804,0.0,0.281873403938,3.01636443579
2018-06-30 00:00:00,0.0232558139535,0.0930232558143,0.56443975746,0.647295768147,1.33942517151,0.614765150339,1.32085765694,0.561577431006,1.96219027007,2.60303046836,0.555637510921,1.30712036187,0.0,0.000387263370731,0.122831874671,0.0697674418605,0.139477119711,0.177318177642,0.0,0.116279069768,0.0620155038761,0.29457364341,0.186046511629,1.77026014851,1.77435486443,0.299772972037,0.031007751938,0.459536000075,2.34331668262,0.440934816478,1.2072025262,0.00982121333661,0.462870454394,0.408475378429,0.142957503066,2.15651852041,0.0,0.203152002838,2.0737505496
2018-07-01 00:00:00,0.015503875969,0.0775193798449,0.618564117763,0.778296102175,1.69672491566,0.922147725512,1.72086502308,0.77145990522,2.29055680506,3.21636046738,0.712443188849,1.60354383192,0.012987012987,0.000774526741461,0.138185859005,0.0930232558142,0.185969492948,0.177318177642,0.0217415713139,0.077519379845,0.0930232558139,0.310077519379,0.209302325581,1.74706896752,2.2866685929,0.230594593874,0.015503875969,0.553000949243,3.54017197749,0.564705993033,1.62972341037,0.0294636400098,0.540015530125,0.415769581614,0.165529740392,2.97887091619,0.0,0.304728004258,2.51324427404
2018-07-02 00:00:00,0.015503875969,0.0775193798449,0.865989764869,0.786002004176,2.11327537114,1.16915158056,1.67503084572,1.08911986619,3.84429114134,3.68963873437,1.00901044928,1.5571160595,0.0,0.000774526741461,0.237986757175,0.0852713178292,0.201466950694,0.19273714961,0.0289887617518,0.131782945737,0.0542635658915,0.302325581396,0.15503875969,2.07947589497,2.17837463403,0.438129728362,0.031007751938,0.6698321357,3.98111866509,0.611120184244,2.87465101553,0.0196424266732,0.547730037698,0.605418864457,0.255818689696,3.47918321294,0.0,0.274255203832,2.38540226572
2018-07-03 00:00:00,0.0387596899225,0.147286821705,0.85903235524,0.803765979423,2.26606856989,1.48256722631,1.79531810784,1.1861975663,4.9870101623,6.70824896711,1.14225381192,1.65646092672,0.0,0.000349362299309,0.208922773258,0.0775193798448,0.263456781676,0.139117802938,0.0,0.186046511628,0.0852713178293,0.224806201549,0.193798449612,2.07382035077,2.95352977909,0.49757159775,0.0697674418605,1.20297949794,5.41913170796,0.750362757865,3.08209789718,0.0380248461339,0.626193134147,0.714635732327,0.337601009214,4.30915141291,0.0077519379845,0.764200760213,3.66007587141
2018-07-04 00:00:00,0.0232558139535,0.131782945737,0.843554294784,0.896508207823,2.37200996894,1.27746899341,1.94855171798,1.16600696943,5.0403471694,7.93990206847,1.18658007925,1.89362759184,0.0,0.00122276804758,0.263087936695,0.116279069767,0.247959323931,0.216405471236,0.0159115862578,0.217054263566,0.0775193798447,0.333333333332,0.310077519379,2.14346357151,3.46541454142,0.435375148032,0.0775193798449,0.869249701737,5.68173280396,0.858662537354,2.96709424429,0.0380248461339,0.603000795845,0.661418177794,0.431815244343,4.32830319698,0.0,0.655938985852,4.02949828762
2018-07-05 00:00:00,0.015503875969,0.124031007752,0.951900717969,0.772851903292,2.32352831175,1.27160904391,1.8512276683,1.15591167099,4.85366764461,7.18851621417,1.10474697033,1.70092967643,0.0,0.00157213034689,0.139281848839,0.0930232558142,0.27120551055,0.177761637088,0.00795579312889,0.131782945737,0.100775193798,0.410852713179,0.263565891472,2.19763052097,2.94899982544,0.427600591815,0.0542635658916,1.12536791743,6.01117781526,0.897341030025,3.08209789718,0.0285186346004,0.51796222207,0.554983068723,0.290493891649,4.19424070858,0.0077519379845,0.910672572591,3.62127099576
2018-07-06 00:00:00,0.0232558139535,0.15503875969,0.797120113422,0.811494498456,2.37380558588,1.10167050808,1.97340041151,1.25686465536,4.82699914106,7.13429249274,1.20362864361,2.04185675754,0.0,0.00192149264619,0.270825817186,0.100775193799,0.224713137313,0.239591771727,0.0318231725155,0.224806201551,0.116279069768,0.29457364341,0.209302325581,2.12798730023,3.1392578787,0.427600591815,0.0465116279069,1.03999517886,6.16396390746,0.881869632956,3.22776919081,0.0237655288337,0.556616119239,0.821070841398,0.431815244343,4.22616034867,0.0,0.706885703197,3.97361926668
2018-07-07 00:00:00,0.0232558139535,0.0930232558143,0.5649492066,0.649195598767,1.33953023227,0.656314345241,1.31283930839,0.499717272611,2.17792778924,4.17522655113,0.555783198041,1.35629686617,0.0,0.000349362299309,0.123806087856,0.0697674418605,0.139477119711,0.177761637088,0.0,0.116279069768,0.0620155038761,0.29457364341,0.186046511629,1.77203306092,1.92976025443,0.303207692379,0.031007751938,0.457908325021,2.66420748286,0.440934816478,1.22670563071,0.00950621153349,0.463846766034,0.42574043628,0.149172538955,2.39397300718,0.0,0.509467173474,2.73186324583
2018-07-08 00:00:00,0.015503875969,0.0775193798449,0.61912241819,0.780580422325,1.69685800201,0.984471517866,1.71041840493,0.686480293688,2.54239733765,5.158999783,0.712629990125,1.663872385,0.012987012987,0.000698724598616,0.139281848839,0.0930232558142,0.185969492948,0.177761637088,0.0238673793867,0.077519379845,0.0930232558139,0.310077519379,0.209302325581,1.74881865401,2.48694455326,0.233236686445,0.015503875969,0.551042221636,4.02495861656,0.564705993033,1.65605260146,0.0285186346004,0.541154560371,0.433342944069,0.172726097738,3.30687471391,0.0,0.764200760213,3.31083199055
2018-07-09 00:00:00,0.015503875969,0.0775193798449,0.866771385468,0.788308941358,2.11344113055,1.24816924586,1.66486246679,0.969148649911,4.26696056667,5.91813188323,1.00927500994,1.61569790615,0.0,0.000698724598616,0.239874295222,0.0852713178292,0.201466950694,0.193219170747,0.0318231725155,0.131782945737,0.0542635658915,0.302325581396,0.15503875969,2.08155848641,2.36916575838,0.443149704247,0.031007751938,0.667459592401,4.52628798162,0.611120184244,2.92109278314,0.0190124230669,0.548885339805,0.631008146628,0.266940332866,3.86227645158,0.0,0.687780684191,3.14241883022
2018-07-10 00:00:00,0.0387596899225,0.147286821705,0.859109869167,0.804121236907,2.26607629112,1.49461027882,1.8128797918,1.38509842561,4.9570072329,4.76493416351,1.14227341157,1.71408712523,0.0,0.00031517056712,0.209277063782,0.0775193798448,0.263456781676,0.139167345057,0.0,0.186046511628,0.0852713178293,0.224806201549,0.193798449612,2.07403557717,3.29760817976,0.49472960506,0.0697674418605,1.20360304969,5.9575966853,0.750362757865,3.09581688275,0.0354059661064,0.626370355999,0.721208109017,0.329927734898,4.60252632805,0.0077519379845,0.61144802685,3.49080329707
2018-07-11 00:00:00,0.0232558139535,0.131782945737,0.843630412064,0.896904456555,2.37201805115,1.287846011,1.96761232306,1.3615222822,5.01002335305,5.63978928129,1.18660043948,1.95950452123,0.0,0.00110309698492,0.263534080317,0.116279069767,0.247959323931,0.216482536754,0.0151015823195,0.217054263566,0.0775193798447,0.333333333332,0.310077519379,2.14368602566,3.86912616184,0.432888404428,0.0775193798449,0.869700268165,6.24629079783,0.858662537354,2.98030132741,0.0354059661064,0.603171453925,0.667501122177,0.422000591149,4.62298200064,0.0,0.524826223047,3.84314052554
2018-07-12 00:00:00,0.015503875969,0.124031007752,0.951986611781,0.773193497027,2.32353622876,1.28193846049,1.86933625592,1.34973421049,4.82446693257,5.1060726371,1.10476592641,1.76010288699,0.0,0.00141826755204,0.139518042521,0.0930232558142,0.27120551055,0.177824940906,0.00755079115977,0.131782945737,0.100775193798,0.410852713179,0.263565891472,2.1978585967,3.2925504985,0.425158254347,0.0542635658916,1.12595124003,6.6084706844,0.897341030025,3.09581688275,0.0265544745798,0.518108812985,0.560087148493,0.283891306772,4.47979229265,0.0077519379845,0.728642231999,3.453793084
2018-07-13 00:00:00,0.0232558139535,0.15503875969,0.79719204076,0.811853171878,2.3738136742,1.11061949573,1.99270408488,1.46761492757,4.79795887249,5.06755700299,1.20364929637,2.11289039374,0.0,0.00173343811916,0.27128508268,0.100775193799,0.224713137313,0.239677094264,0.0302031646391,0.224806201551,0.116279069768,0.29457364341,0.209302325581,2.12820814821,3.50497311131,0.425158254347,0.0465116279069,1.04053424941,6.77643816803,0.881869632956,3.24213658615,0.0221287288165,0.556773649774,0.828622082701,0.422000591149,4.51388508026,0.0,0.565589424835,3.78984581871
2018-07-14 00:00:00,0.0232558139535,0.0930232558143,0.565000184228,0.649482537504,1.33953479649,0.661645657028,1.32568141638,0.583509549513,2.16482490564,2.96570382694,0.555792734583,1.40348073341,0.0,0.00031517056712,0.124016037796,0.0697674418605,0.139477119711,0.177824940906,0.0,0.116279069768,0.0620155038761,0.29457364341,0.186046511629,1.77221696706,2.15457221561,0.301475853084,0.031007751938,0.458145676978,2.92893299595,0.440934816478,1.23216592348,0.00885149152661,0.46397804148,0.429655894733,0.145782022397,2.55695907114,0.0,0.407632017898,2.60551900035
2018-07-15 00:00:00,0.015503875969,0.0775193798449,0.619178284084,0.780925431997,1.69686378376,0.992468485546,1.72714960557,0.801588876099,2.52710172658,3.66448747446,0.712642217962,1.72175641886,0.012987012987,0.000630341134239,0.139518042521,0.0930232558142,0.185969492948,0.177824940906,0.0226523734793,0.077519379845,0.0930232558139,0.310077519379,0.209302325581,1.7490001509,2.77666701026,0.231904502371,0.015503875969,0.551327848567,4.42489339709,0.564705993033,1.6634239967,0.0265544745798,0.541307715059,0.437328321423,0.16880023646,3.53201279693,0.0,0.61144802685,3.15771137942
2018-07-16 00:00:00,0.015503875969,0.0775193798449,0.866849597719,0.788657366967,2.11344833172,1.25830825846,1.68114804223,1.1316548839,4.24128961103,4.2037063521,1.00929232783,1.67190601029,0.0,0.000630341134239,0.240281073231,0.0852713178292,0.201466950694,0.193287979244,0.0302031646391,0.131782945737,0.0542635658915,0.302325581396,0.15503875969,2.08177451589,2.64516729757,0.440618554507,0.031007751938,0.667805563051,4.97603670278,0.611120184244,2.93409510529,0.0177029830532,0.549040682416,0.636811415408,0.26087309271,4.12522730145,0.0,0.550303224164,2.99708705467
2018-07-17 00:00:00,0.0387596899225,0.147286821705,0.859117625537,0.804174892814,2.26607662655,1.54163606865,1.8144565466,1.29623776327,4.51459073929,5.60422570983,1.14227469454,1.76931635529,0.0,0.000284325144915,0.209353415934,0.0775193798448,0.263456781676,0.139174417192,0.0,0.186046511628,0.0852713178293,0.224806201549,0.193798449612,2.07405790284,3.46205417851,0.496162581875,0.0697674418605,1.2035121217,6.40181452297,0.750362757865,3.09965779318,0.0321243353036,0.626394185355,0.722698626344,0.334113770841,4.78948978122,0.0077519379845,1.22292773617,3.30009737939
2018-07-18 00:00:00,0.0232558139535,0.131782945737,0.843638028679,0.896964303527,2.37201840227,1.32836625677,1.9693236567,1.27417414177,4.56287513224,6.63317708151,1.18660177224,2.02264129206,0.0,0.000995138007202,0.263630227472,0.116279069767,0.247959323931,0.216493537853,0.0155477465166,0.217054263566,0.0775193798447,0.333333333332,0.310077519379,2.14370910107,4.0620727708,0.434142259142,0.0775193798449,0.869634565356,6.71203461001,0.858662537354,2.98399892029,0.0321243353036,0.603194400713,0.668880643532,0.427354823169,4.81077640249,0.0,1.04967964021,3.63318608861
2018-07-19 00:00:00,0.015503875969,0.124031007752,0.951995206677,0.773245089244,2.32353657271,1.32227283358,1.8709621138,1.26314233101,4.39387975697,6.00545203086,1.10476716725,1.81681478094,0.0,0.00127946315212,0.139568943956,0.0930232558142,0.27120551055,0.177833977523,0.00777387325832,0.131782945737,0.100775193798,0.410852713179,0.263565891472,2.19788225525,3.45674427945,0.426389718797,0.0542635658916,1.12586617836,7.10121981006,0.897341030025,3.09965779318,0.0240932514777,0.518128523687,0.561244677906,0.287493244677,4.66177005374,0.0077519379845,1.45732221894,3.26510906961
2018-07-20 00:00:00,0.0232558139535,0.15503875969,0.797199238112,0.811907343706,2.37381402559,1.14556356089,1.99443724212,1.37346043853,4.3697375605,5.96015228494,1.20365064828,2.18096937755,0.0,0.00156378829703,0.271384057692,0.100775193799,0.224713137313,0.239689274053,0.0310954930332,0.224806201551,0.116279069768,0.29457364341,0.209302325581,2.12823105702,3.67976003943,0.426389718797,0.0465116279069,1.04045564069,7.28171149704,0.881869632956,3.24615903215,0.0200777095647,0.556794831424,0.83033459197,0.427354823169,4.69724775581,0.0,1.13120815595,3.5828029225
2018-07-21 00:00:00,0.0232558139535,0.0930232558143,0.565005285264,0.649525874967,1.33953499477,0.682463397977,1.3268344297,0.546074632184,1.97161271146,3.48808043603,0.555793358837,1.44870198218,0.0,0.000284325144915,0.124061283517,0.0697674418605,0.139477119711,0.177833977523,0.0,0.116279069768,0.0620155038761,0.29457364341,0.186046511629,1.77223604385,2.26201699393,0.302349073331,0.031007751938,0.458111065677,3.14732379191,0.440934816478,1.23369464405,0.00803108382591,0.463995692855,0.430543862502,0.147631666186,2.66082765624,0.0,0.815285157442,2.46317700921
2018-07-22 00:00:00,0.015503875969,0.0775193798449,0.619183874261,0.780977540137,1.69686403494,1.02369509697,1.72865179641,0.750163131082,2.30155606317,4.30994725489,0.712643018385,1.77723275957,0.012987012987,0.00056865028983,0.139568943956,0.0930232558142,0.185969492948,0.177833977523,0.023321619775,0.077519379845,0.0930232558139,0.310077519379,0.209302325581,1.74901897777,2.91513457669,0.232576210254,0.015503875969,0.551286197679,4.75482787916,0.564705993033,1.66548776947,0.0240932514777,0.541328308329,0.43823214576,0.170941929268,3.67548993581,0.0,1.22292773617,2.98520259129
2018-07-23 00:00:00,0.015503875969,0.0775193798449,0.866857423966,0.788709991029,2.11344864457,1.2978991408,1.68261022315,1.05905383211,3.86275143468,4.94414369782,1.00929346144,1.72577613178,0.0,0.00056865028983,0.240368736813,0.0852713178292,0.201466950694,0.193297801655,0.0310954930332,0.131782945737,0.0542635658915,0.302325581396,0.15503875969,2.08179692486,2.77707720147,0.441894799484,0.031007751938,0.667755112679,5.3470662271,0.611120184244,2.93773537115,0.0160621676518,0.549061569877,0.638127510494,0.264182981595,4.29280195207,0.0,1.10063496255,2.83335332679
2018-07-24 00:00:00,0.0387596899225,0.147286821705,0.859118401672,0.804182996672,2.26607664113,1.56704836597,1.8128067527,1.45777948407,4.01523275225,6.70229365259,1.14227477852,1.82225049148,0.0,0.000256498532746,0.209369870372,0.0775193798448,0.263456781676,0.139175426739,0.0,0.186046511628,0.0852713178293,0.224806201549,0.193798449612,2.0740602187,3.72053453023,0.495440052728,0.0697674418605,1.20352538106,6.76828123038,0.750362757865,3.10073313457,0.0297085540759,0.626397389465,0.723036653515,0.331830143774,4.91251617081,0.0077519379845,1.07006340854,3.44861404954
2018-07-25 00:00:00,0.0232558139535,0.131782945737,0.84363879083,0.896973342446,2.37201841752,1.3502630189,1.96753304994,1.43296621625,4.05817641806,7.9328533417,1.18660185948,2.08315436498,0.0,0.00089774486461,0.263650947875,0.116279069767,0.247959323931,0.21649510826,0.015304585937,0.217054263566,0.0775193798447,0.333333333332,0.310077519379,2.14371149471,4.36535109759,0.433510046138,0.0775193798449,0.869644146316,7.09625961601,0.858662537354,2.985034137,0.0297085540759,0.603197486151,0.669193498467,0.424433904828,4.93434957603,0.0,0.918471092331,3.79669299094
2018-07-26 00:00:00,0.015503875969,0.124031007752,0.951996066719,0.773252881416,2.32353658765,1.34406915185,1.86926094224,1.42055958234,3.90787358777,7.18213453764,1.10476724848,1.87116996777,0.0,0.00115424339736,0.139579913581,0.0930232558142,0.27120551055,0.1778352675,0.00765229296851,0.131782945737,0.100775193798,0.410852713179,0.263565891472,2.19788470938,3.71482818892,0.425768795312,0.0542635658916,1.12587858228,7.50772340885,0.897341030025,3.10073313457,0.0222814155569,0.518131174,0.561507188369,0.285528263247,4.78151573961,0.0077519379845,1.27515889518,3.41205113553
2018-07-27 00:00:00,0.0232558139535,0.15503875969,0.79719995831,0.811915525486,2.37381404085,1.16444700713,1.99262380084,1.54462592142,3.88640175486,7.12795895385,1.20365073677,2.24621928592,0.0,0.0014107419301,0.271405387519,0.100775193799,0.224713137313,0.239691012717,0.030609171874,0.224806201551,0.116279069768,0.29457364341,0.209302325581,2.12823343337,3.9544945237,0.425768795312,0.0465116279069,1.04046710363,7.69854719683,0.881869632956,3.24728519813,0.0185678462974,0.556797679521,0.830722963614,0.424433904828,4.81790474827,0.0,0.989808652897,3.74404239476
2018-07-28 00:00:00,0.0232558139535,0.0930232558143,0.565005795696,0.649532420391,1.33953500339,0.693713110628,1.32562800602,0.614128378393,1.75353302015,4.17151995236,0.5557933997,1.49204402658,0.0,0.000256498532746,0.124071034294,0.0697674418605,0.139477119711,0.1778352675,0.0,0.116279069768,0.0620155038761,0.29457364341,0.186046511629,1.7722380227,2.43090139552,0.301908782132,0.031007751938,0.45811611279,3.32748980313,0.440934816478,1.23412264062,0.00742713851899,0.463998066269,0.430745240392,0.146622621668,2.72917565045,0.0,0.71337560569,2.57402914639
2018-07-29 00:00:00,0.015503875969,0.0775193798449,0.619184433637,0.78098541023,1.69686404585,1.04056966595,1.72708002045,0.843651105672,2.04698140311,5.1544198298,0.71264307078,1.83040373753,0.012987012987,0.000512997065492,0.139579913581,0.0930232558142,0.185969492948,0.1778352675,0.0229568789056,0.077519379845,0.0930232558139,0.310077519379,0.209302325581,1.7490209307,3.13278137592,0.232237524716,0.015503875969,0.551292271324,5.02701416492,0.564705993033,1.66606556484,0.0222814155569,0.541331077313,0.438437119683,0.169773561931,3.76990129848,0.0,1.07006340854,3.11954782345
2018-07-30 00:00:00,0.015503875969,0.0775193798449,0.866858207093,0.788717939044,2.11344865816,1.31929368361,1.68108031047,1.19103685506,3.43549326395,5.91287800298,1.00929353565,1.77740763822,0.0,0.000512997065492,0.240387628945,0.0852713178292,0.201466950694,0.193299203803,0.030609171874,0.131782945737,0.0542635658915,0.302325581396,0.15503875969,2.08179924937,2.98441650201,0.441251296962,0.031007751938,0.667762469488,5.65315471928,0.611120184244,2.93875453799,0.0148542770379,0.549064378417,0.638425981294,0.262377322984,4.4030700494,0.0,0.963057067683,2.96086477663
2018-07-31 00:00:00,0.0387596899225,0.147286821705,0.859118479336,0.804184220629,2.26607664176,1.59886675351,1.81260582672,1.35880011872,3.79500105029,6.4151553533,1.14227478402,1.87298483196,0.0,0.000231395282751,0.209373416421,0.0775193798448,0.263456781676,0.139175570852,0.0,0.186046511628,0.0852713178293,0.224806201549,0.193798449612,2.07406045893,3.8329873888,0.495804363136,0.0697674418605,1.20352344754,7.07060553222,0.750362757865,3.10103419837,0.0283079019413,0.626397820291,0.723113313052,0.333075941147,4.99234643194,0.0077519379845,0.764331173083,3.43375675775
2018-08-01 00:00:00,0.0232558139535,0.131782945737,0.843638867094,0.896974707629,2.37201841818,1.37767965322,1.96731497457,1.33567160606,3.83558929683,7.59299565489,1.18660186519,2.14115268262,0.0,0.000809883489628,0.263655413271,0.116279069767,0.247959323931,0.216495332435,0.0154366931656,0.217054263566,0.0775193798447,0.333333333332,0.310077519379,2.143711743,4.49729348532,0.433828817745,0.0775193798449,0.869642749195,7.41323399416,0.858662537354,2.98532396708,0.0283079019413,0.603197901021,0.669264449316,0.426027366584,5.01453463832,0.0,0.656050923565,3.78033610821
2018-08-02 00:00:00,0.015503875969,0.124031007752,0.951996152778,0.773254058297,2.3235365883,1.37136002179,1.86905375905,1.32410734973,3.69353043399,6.8744389929,1.1047672538,1.92326630396,0.0,0.00104127877238,0.139582277614,0.0930232558142,0.27120551055,0.177835451644,0.00771834658283,0.131782945737,0.100775193798,0.410852713179,0.263565891472,2.19788496395,3.82710857378,0.426081874569,0.0542635658916,1.12587677351,7.84307697362,0.897341030025,3.10103419837,0.021230926456,0.518131530362,0.561566721839,0.286600228429,4.85921719377,0.0077519379845,0.910827981261,3.3973513638
2018-08-03 00:00:00,0.0232558139535,0.15503875969,0.797200030376,0.811916761212,2.37381404152,1.18809071012,1.99240294448,1.43974991303,3.67323631072,6.82258438844,1.20365074257,2.30875758929,0.0,0.00127267405513,0.27140998425,0.100775193799,0.224713137313,0.239691260911,0.0308733863313,0.224806201551,0.116279069768,0.29457364341,0.209302325581,2.12823367987,4.07401880435,0.426081874569,0.0465116279069,1.04046543207,8.04242444236,0.881869632956,3.24760049132,0.0176924387133,0.556798062478,0.830811040529,0.426027366584,4.8961975377,0.0,0.707006335101,3.72791234091
2018-08-04 00:00:00,0.0232558139535,0.0930232558143,0.565005846772,0.649533408972,1.33953500376,0.707798720922,1.32548107744,0.57243068831,1.65735339986,3.99280454438,0.555793402375,1.53358489596,0.0,0.000231395282751,0.124073135657,0.0697674418605,0.139477119711,0.177835451644,0.0,0.116279069768,0.0620155038761,0.29457364341,0.186046511629,1.77223822797,2.50437519575,0.302130783787,0.031007751938,0.458115376807,3.47612148632,0.440934816478,1.23424246701,0.00707697548534,0.4639983854,0.430790909903,0.147173090275,2.77352579552,0.0,0.509554115387,2.56293973437
2018-08-05 00:00:00,0.015503875969,0.0775193798449,0.619184489611,0.78098659888,1.69686404632,1.06169808139,1.72688859616,0.786369430406,1.9347064178,4.9335952255,0.71264307421,1.88136507729,0.012987012987,0.000462790565502,0.139582277614,0.0930232558142,0.185969492948,0.177835451644,0.0231550397485,0.077519379845,0.0930232558139,0.310077519379,0.209302325581,1.74902113328,3.22746944241,0.23240829522,0.015503875969,0.551291385649,5.25155987986,0.564705993033,1.66622733046,0.021230926456,0.541331449632,0.438483604721,0.170410946634,3.83116363221,0.0,0.764331173083,3.10610821217
2018-08-06 00:00:00,0.015503875969,0.0775193798449,0.866858285456,0.788719139463,2.11344865875,1.34608149604,1.68089398464,1.11016860763,3.24705972217,5.65955968813,1.00929354051,1.82689348263,0.0,0.000462790565502,0.240391700335,0.0852713178292,0.201466950694,0.19329940396,0.0308733863313,0.131782945737,0.0542635658915,0.302325581396,0.15503875969,2.0817994905,3.07462025205,0.441575760919,0.031007751938,0.667761396699,5.9056687617,0.611120184244,2.93903987458,0.0141539509707,0.549064756055,0.638493670034,0.263362372069,4.47462161679,0.0,0.687898055774,2.9481088024
2018-08-07 00:00:00,0.0387596899225,0.147286821705,0.859118487107,0.804184405488,2.26607664179,1.62376709157,1.81275925665,1.5093155426,3.95485958745,6.11905519445,1.14227478438,1.92161079681,0.0,0.00020874886225,0.20937418062,0.0775193798448,0.263456781676,0.139175591424,0.0,0.186046511628,0.0852713178293,0.224806201549,0.193798449612,2.07406048385,4.02784818241,0.495620672175,0.0697674418605,1.20352372949,7.32001422784,0.750362757865,3.10111848734,0.0278738369462,0.62639787822,0.723130698295,0.332396315688,5.044462851,0.0077519379845,0.917197447409,3.39478834151
2018-08-08 00:00:00,0.0232558139535,0.131782945737,0.843638874725,0.896974913818,2.37201841821,1.39913528048,1.96748150001,1.48362506528,3.99715755097,7.24253068628,1.18660186557,2.19674075429,0.0,0.000730621017873,0.263656375596,0.116279069767,0.247959323931,0.216495364436,0.0153649877259,0.217054263566,0.0775193798447,0.333333333332,0.310077519379,2.14371176876,4.72592616494,0.433668088154,0.0775193798449,0.869642952927,7.67472857371,0.858662537354,2.98540511094,0.0278738369462,0.603197956805,0.669280539913,0.425158078206,5.06688268592,0.0,0.787261142362,3.73743449304
2018-08-09 00:00:00,0.015503875969,0.124031007752,0.95199616139,0.773254236046,2.32353658832,1.39271722874,1.86921196707,1.47077982662,3.84911467871,6.55713997742,1.10476725414,1.97319766384,0.0,0.000939369880122,0.13958278708,0.0930232558142,0.27120551055,0.177835477931,0.00768249386299,0.131782945737,0.100775193798,0.410852713179,0.263565891472,2.19788499035,4.02167050114,0.425924015149,0.0542635658916,1.12587703727,8.11973384392,0.897341030025,3.10111848734,0.0209053777096,0.518131578279,0.561580223145,0.286015434429,4.90994384166,0.0077519379845,1.09299362483,3.3587960987
2018-08-10 00:00:00,0.0232558139535,0.15503875969,0.797200037587,0.811916947848,2.37381404155,1.20659372812,1.99257159353,1.59923221323,3.82796569696,6.50767879225,1.20365074295,2.36869697772,0.0,0.00114811874237,0.271410974878,0.100775193799,0.224713137313,0.239691296341,0.0307299754519,0.224806201551,0.116279069768,0.29457364341,0.209302325581,2.12823370544,4.28113311412,0.425924015149,0.0465116279069,1.04046567582,8.32611309967,0.881869632956,3.24768876409,0.0174211480913,0.556798113971,0.830831015064,0.425158078206,4.94731023314,0.0,0.848407638852,3.68560566339
2018-08-11 00:00:00,0.0232558139535,0.0930232558143,0.565005851882,0.649533558281,1.33953500378,0.718821795476,1.32559327418,0.635839313691,1.72716684301,3.80851125844,0.55579340255,1.57339944436,0.0,0.00020874886225,0.124073588516,0.0697674418605,0.139477119711,0.177835477931,0.0,0.116279069768,0.0620155038761,0.29457364341,0.186046511629,1.77223824927,2.63169221734,0.302018847107,0.031007751938,0.45811548413,3.59873827237,0.440934816478,1.23427601486,0.00696845923655,0.46399842831,0.430801267069,0.146872790653,2.80247936167,0.0,0.611464964937,2.53385389357
2018-08-12 00:00:00,0.015503875969,0.0775193798449,0.619184495212,0.780986778407,1.69686404634,1.07823269322,1.72703477046,0.873476228909,2.01620292694,4.70587847516,0.712643074434,1.93020860798,0.012987012987,0.000417497724499,0.13958278708,0.0930232558142,0.185969492948,0.177835477931,0.023047481589,0.077519379845,0.0930232558139,0.310077519379,0.209302325581,1.74902115429,3.39154701249,0.232322190082,0.015503875969,0.5512915148,5.43680351899,0.564705993033,1.66627262006,0.0209053777096,0.541331499694,0.438494146837,0.170063231282,3.87115815825,0.0,0.917197447409,3.07085815625
2018-08-13 00:00:00,0.015503875969,0.0775193798449,0.866858293298,0.788719320767,2.11344865878,1.36704502175,1.68103626568,1.2331429114,3.38383708017,5.39833506762,1.00929354083,1.87432283536,0.0,0.000417497724499,0.240392577749,0.0852713178292,0.201466950694,0.193299432532,0.0307299754519,0.131782945737,0.0542635658915,0.302325581396,0.15503875969,2.08179951551,3.23092729969,0.441412161157,0.031007751938,0.667761553136,6.11398545196,0.611120184244,2.93911976039,0.0139369184731,0.549064806833,0.638509020834,0.262824993799,4.52133337017,0.0,0.825477702667,2.91465182247
2018-08-14 00:00:00,0.0387596899225,0.147286821705,0.859118487884,0.804184433408,2.26607664179,1.64857926387,1.81278318635,1.41576875396,4.33125072405,4.90879608645,1.14227478441,1.96821600405,0.0,0.000188318823843,0.209374345311,0.0775193798448,0.263456781676,0.139175594361,0.0,0.186046511628,0.0852713178293,0.224806201549,0.193798449612,2.07406048643,4.10363116904,0.495713292008,0.0697674418605,1.20352368838,7.52576909794,0.750362757865,3.10114208576,0.028043511269,0.626397886009,0.72313464101,0.33276707483,5.07839670673,0.0077519379845,0.917197451602,3.41896904145
2018-08-15 00:00:00,0.0232558139535,0.131782945737,0.843638875489,0.896974944959,2.37201841821,1.42051493883,1.96750747216,1.3916705624,4.37757426122,5.81006465198,1.18660186559,2.25001874288,0.0,0.00065911588345,0.263656582983,0.116279069767,0.247959323931,0.216495369004,0.0154038972052,0.217054263566,0.0775193798447,0.333333333332,0.310077519379,2.14371177143,4.8148433195,0.433749130508,0.0775193798449,0.869642923218,7.89045394412,0.858662537354,2.98542782882,0.028043511269,0.603197964306,0.669284189022,0.425632305015,5.10096735878,0.0,0.787261145961,3.76405582342
2018-08-16 00:00:00,0.015503875969,0.124031007752,0.951996162251,0.773254262893,2.32353658833,1.41399881526,1.86923664199,1.37962146662,4.21544188118,5.26023414344,1.10476725417,2.02105401758,0.0,0.000847434707293,0.139582896874,0.0930232558142,0.27120551055,0.177835481683,0.0077019486026,0.131782945737,0.100775193798,0.410852713179,0.263565891472,2.19788499309,4.0973372562,0.426003610318,0.0542635658916,1.12587699881,8.34796766018,0.897341030025,3.10114208576,0.0210326334518,0.518131584722,0.56158328504,0.286334459737,4.94297279457,0.0077519379845,1.09299362983,3.3827204299
2018-08-17 00:00:00,0.0232558139535,0.15503875969,0.797200038308,0.811916976037,2.37381404155,1.22503123165,1.99259789689,1.50011242441,4.19228011259,5.22055565314,1.20365074297,2.42614545465,0.0,0.00103575353114,0.271411188366,0.100775193799,0.224713137313,0.239691301399,0.0308077944103,0.224806201551,0.116279069768,0.29457364341,0.209302325581,2.1282337081,4.36168159532,0.426003610318,0.0465116279069,1.04046564028,8.56014793429,0.881869632956,3.24771347785,0.0175271945431,0.556798120895,0.830835544991,0.425632305015,4.98059054794,0.0,0.848407642731,3.71185782279
2018-08-18 00:00:00,0.0232558139535,0.0930232558143,0.565005852394,0.649533580831,1.33953500378,0.729805840133,1.32561077295,0.596430241028,1.89154443386,3.05524375358,0.555793402561,1.61155941271,0.0,0.000188318823843,0.12407368611,0.0697674418605,0.139477119711,0.177835481683,0.0,0.116279069768,0.0620155038761,0.29457364341,0.186046511629,1.77223825148,2.68120686811,0.302075287318,0.031007751938,0.45811546848,3.69989353009,0.440934816478,1.23428540726,0.00701087781727,0.46399843408,0.430803615921,0.14703661446,2.82133150374,0.0,0.611464967733,2.55190225316
2018-08-19 00:00:00,0.015503875969,0.0775193798449,0.619184495772,0.780986805521,1.69686404634,1.0947087602,1.72705756854,0.819338512928,2.20808860442,3.77512493483,0.712643074449,1.97702233964,0.012987012987,0.000376637647686,0.139582896874,0.0930232558142,0.185969492948,0.177835481683,0.0231058458078,0.077519379845,0.0930232558139,0.310077519379,0.209302325581,1.74902115647,3.45535814694,0.232365605629,0.015503875969,0.551291495967,5.58962409651,0.564705993033,1.66628529981,0.0210326334518,0.541331506426,0.438496537632,0.170252922006,3.8971992505,0.0,0.917197451602,3.0927315375
2018-08-20 00:00:00,0.015503875969,0.0775193798449,0.866858294082,0.78871934815,2.11344865878,1.38793432097,1.68105845655,1.15671319472,3.70588297245,4.33062379913,1.00929354085,1.91978115831,0.0,0.000376637647686,0.240392766838,0.0852713178292,0.201466950694,0.193299436611,0.0308077944103,0.131782945737,0.0542635658915,0.302325581396,0.15503875969,2.0817995181,3.2917164132,0.441494650696,0.031007751938,0.667761530324,6.285840621,0.611120184244,2.93914212605,0.0140217556345,0.54906481366,0.638512502167,0.263118152191,4.55174815938,0.0,0.825477706441,2.93541256336
2018-08-21 00:00:00,0.0387596899225,0.147286821705,0.859118487962,0.804184437625,2.26607664179,1.67026588263,1.81276907201,1.55448731822,4.64421212579,5.66871044216,1.14227478441,2.01288443066,0.0,0.000169888252475,0.209374380803,0.0775193798448,0.263456781676,0.13917559478,0.0,0.186046511628,0.0852713178293,0.224806201549,0.193798449612,2.0740604867,4.25108507331,0.495666591651,0.0697674418605,1.20352369438,7.69551084036,0.750362757865,3.10114869262,0.0284851834184,0.626397887057,0.723135535159,0.332564812923,5.10051702272,0.0077519379845,0.611464968071,3.41902495488
2018-08-22 00:00:00,0.0232558139535,0.131782945737,0.843638875566,0.896974949662,2.37201841821,1.43920143245,1.96749215314,1.52802795961,4.69388284372,6.7095013894,1.18660186559,2.30108264892,0.0,0.00059460888366,0.263656627677,0.116279069767,0.247959323931,0.216495369656,0.0153827855594,0.217054263566,0.0775193798447,0.333333333332,0.310077519379,2.14371177171,4.98785288509,0.433708267696,0.0775193798449,0.86964292755,8.06842105732,0.858662537354,2.98543418915,0.0284851834184,0.603197965314,0.669285016585,0.425373597925,5.12318598728,0.0,0.524840764262,3.76411738036
2018-08-23 00:00:00,0.015503875969,0.124031007752,0.951996162338,0.773254266947,2.32353658833,1.43259959103,1.86922208811,1.5147982803,4.520035331,6.07455345303,1.10476725417,2.06692159659,0.0,0.000764497136135,0.139582920535,0.0930232558142,0.27120551055,0.177835482219,0.00769139277971,0.131782945737,0.100775193798,0.410852713179,0.263565891472,2.19788499338,4.24456500417,0.425963477199,0.0542635658916,1.12587700442,8.5362538749,0.897341030025,3.10114869262,0.0213638875638,0.518131585588,0.561583979433,0.286160420422,4.96450323547,0.0077519379845,0.728662420287,3.38277575053
2018-08-24 00:00:00,0.0232558139535,0.15503875969,0.797200038381,0.811916980294,2.37381404155,1.24114618946,1.99258238251,1.64709507335,4.49519997203,6.02873246793,1.20365074297,2.48120653533,0.0,0.000934385388609,0.271411234374,0.100775193799,0.224713137313,0.239691302121,0.0307655711188,0.224806201551,0.116279069768,0.29457364341,0.209302325581,2.12823370837,4.51840790767,0.425963477199,0.0465116279069,1.04046564546,8.75321981928,0.881869632956,3.24772039698,0.0178032396365,0.556798121826,0.830836572312,0.425373597925,5.00228484303,0.0,0.565605095465,3.71191852609
2018-08-25 00:00:00,0.0232558139535,0.0930232558143,0.565005852445,0.649533584237,1.33953500378,0.739406240529,1.32560045174,0.654869125546,2.02822098185,3.52821585257,0.555793402562,1.64813356067,0.0,0.000169888252475,0.124073707142,0.0697674418605,0.139477119711,0.177835482219,0.0,0.116279069768,0.0620155038761,0.29457364341,0.186046511629,1.7722382517,2.77754944974,0.302046829288,0.031007751938,0.458115470762,3.78334365544,0.440934816478,1.23428803686,0.00712129585462,0.463998434856,0.430804148605,0.14694724292,2.83362056818,0.0,0.407643312046,2.55194398668
2018-08-26 00:00:00,0.015503875969,0.0775193798449,0.619184495828,0.780986809617,1.69686404634,1.1091093608,1.72704412166,0.89961819267,2.36763755433,4.35953943934,0.71264307445,2.02189062498,0.012987012987,0.000339776504949,0.139582920535,0.0930232558142,0.185969492948,0.177835482219,0.0230741783392,0.077519379845,0.0930232558139,0.310077519379,0.209302325581,1.7490211567,3.57951795284,0.232343714836,0.015503875969,0.551291498713,5.71569659771,0.564705993033,1.66628884976,0.0213638875638,0.541331507331,0.438497079829,0.17014943917,3.91417454484,0.0,0.611464968071,3.09278211568
2018-08-27 00:00:00,0.015503875969,0.0775193798449,0.866858294161,0.788719352286,2.11344865878,1.40619222529,1.68104536782,1.27004921318,3.97365743383,5.00103323073,1.00929354085,1.9633503619,0.0,0.000339776504949,0.240392807588,0.0852713178292,0.201466950694,0.193299437193,0.0307655711188,0.131782945737,0.0542635658915,0.302325581396,0.15503875969,2.08179951837,3.40999615543,0.44145305819,0.031007751938,0.66776153365,6.42761610277,0.611120184244,2.93914838778,0.0142425917092,0.549064814578,0.638513291682,0.262958224171,4.57157451667,0.0,0.550318471263,2.93546056877
2018-08-28 00:00:00,0.0387596899225,0.147286821705,0.85911848797,0.804184438262,2.26607664179,1.69058141595,1.81276634463,1.46378302905,4.69870158948,5.36598549583,1.14227478441,2.05569656378,0.0,0.000153261462343,0.209374388452,0.0775193798448,0.263456781676,0.13917559484,0.0,0.186046511628,0.0852713178293,0.224806201549,0.193798449612,2.07406048673,4.30116171964,0.495690138696,0.0697674418605,1.2035236935,7.83554280706,0.750362757865,3.10115054234,0.0289398647153,0.626397887198,0.723135737939,0.332675153773,5.11492928343,0.0077519379845,0.764331210179,3.41143950705
2018-08-29 00:00:00,0.0232558139535,0.131782945737,0.843638875573,0.896974950373,2.37201841821,1.45670651651,1.96748919297,1.43886757323,4.74895508242,6.35119530396,1.18660186559,2.35002448342,0.0,0.000536415118199,0.263656637309,0.116279069767,0.247959323931,0.216495369749,0.0153942401026,0.217054263566,0.0775193798447,0.333333333332,0.310077519379,2.14371177174,5.04660845939,0.43372887136,0.0775193798449,0.869642926918,8.21523871404,0.858662537354,2.98543596986,0.0289398647153,0.60319796545,0.669285204264,0.425514731571,5.13766230248,0.0,0.656050955406,3.75576631057
2018-08-30 00:00:00,0.015503875969,0.124031007752,0.951996162346,0.77325426756,2.32353658833,1.45002437653,1.86921927579,1.42640984533,4.57306785715,5.75015535811,1.10476725417,2.11088304871,0.0,0.000689676580542,0.139582925634,0.0930232558142,0.27120551055,0.177835482295,0.00769712005129,0.131782945737,0.100775193798,0.410852713179,0.263565891472,2.1978849934,4.29456484583,0.42598371294,0.0542635658916,1.1258770036,8.69158448818,0.897341030025,3.10115054234,0.0217048985365,0.518131585705,0.561584136911,0.286255364874,4.97853116922,0.0077519379845,0.910828025467,3.37527072517
2018-08-31 00:00:00,0.0232558139535,0.15503875969,0.797200038388,0.811916980937,2.37381404155,1.25624231699,1.99257938459,1.5509871244,4.54794111068,5.70678134141,1.20365074297,2.5339794332,0.0,0.000842938042884,0.271411244289,0.100775193799,0.224713137313,0.239691302224,0.0307884802051,0.224806201551,0.116279069768,0.29457364341,0.209302325581,2.1282337084,4.57163354557,0.42598371294,0.0465116279069,1.0404656447,8.91249847039,0.881869632956,3.24772233413,0.0180874154471,0.556798121951,0.830836805293,0.425514731571,5.01641953427,0.0,0.707006369415,3.70368326466
2018-09-01 00:00:00,0.0232558139535,0.0930232558143,0.56500585245,0.649533584752,1.33953500378,0.748399678207,1.32559845732,0.616657531386,2.05201762821,3.33979928667,0.555793402562,1.68318779047,0.0,0.000153261462343,0.124073711675,0.0697674418605,0.139477119711,0.177835482295,0.0,0.116279069768,0.0620155038761,0.29457364341,0.186046511629,1.77223825173,2.81026824013,0.302061178268,0.031007751938,0.458115470429,3.85218756506,0.440934816478,1.23428877307,0.00723496617884,0.46399843496,0.43080426941,0.146995998179,2.84162737969,0.0,0.509554140118,2.54628224444
2018-09-02 00:00:00,0.015503875969,0.0775193798449,0.619184495834,0.780986810235,1.69686404634,1.12259951732,1.72704152326,0.847125497661,2.3954164966,4.12672787553,0.71264307445,2.06489431126,0.012987012987,0.000306522924685,0.139582925634,0.0930232558142,0.185969492948,0.177835482295,0.0230913601539,0.077519379845,0.0930232558139,0.310077519379,0.209302325581,1.74902115672,3.62168371792,0.232354752513,0.015503875969,0.551291498313,5.81970271923,0.564705993033,1.66628984364,0.0217048985365,0.541331507452,0.438497202791,0.170205892628,3.92523462047,0.0,0.764331210179,3.08592047012
2018-09-03 00:00:00,0.015503875969,0.0775193798449,0.866858294169,0.788719352911,2.11344865878,1.42329581659,1.68104283863,1.19594187905,4.02027943484,4.73396410948,1.00929354085,2.00510895258,0.0,0.000306522924685,0.24039281637,0.0852713178292,0.201466950694,0.193299437276,0.0307884802051,0.131782945737,0.0542635658915,0.302325581396,0.15503875969,2.0817995184,3.45016499903,0.441474029777,0.031007751938,0.667761533165,6.54457672341,0.611120184244,2.93915014088,0.0144699323577,0.549064814702,0.638513470732,0.263045470425,4.58449217257,0.0,0.687898089161,2.92894795675
2018-09-04 00:00:00,0.0387596899225,0.147286821705,0.859118487971,0.804184438358,2.26607664179,1.70891761574,1.81276762754,1.59178244938,4.49911568491,6.73149222032,1.14227478441,2.0967295457,0.0,0.000138261919216,0.2093743901,0.0775193798448,0.263456781676,0.139175594848,0.0,0.186046511628,0.0852713178293,0.224806201549,0.193798449612,2.07406048673,4.41319006755,0.495678265911,0.0697674418605,1.20352369363,7.95106507883,0.750362757865,3.10115106021,0.0292742223013,0.626397887216,0.723135783926,0.332614959031,5.12432148583,0.0077519379845,1.07006369426,3.41522507391
2018-09-05 00:00:00,0.0232558139535,0.131782945737,0.843638875574,0.89697495048,2.37201841821,1.47250608787,1.96749058538,1.56468828003,4.54723456925,7.96741284738,1.18660186559,2.39693243366,0.0,0.000483916717257,0.263656639385,0.116279069767,0.247959323931,0.216495369763,0.0153880252596,0.217054263566,0.0775193798447,0.333333333332,0.310077519379,2.14371177174,5.17805276331,0.433718482673,0.0775193798449,0.869642927011,8.33635898136,0.858662537354,2.9854364684,0.0292742223013,0.603197965468,0.669285246827,0.425437738296,5.14709624801,0.0,0.91847133758,3.75993396603
2018-09-06 00:00:00,0.015503875969,0.124031007752,0.951996162347,0.773254267652,2.32353658833,1.46575147279,1.86922059865,1.55114119536,4.3788184741,7.21342353401,1.10476725417,2.15301758719,0.0,0.000622178636473,0.139582926733,0.0930232558142,0.27120551055,0.177835482306,0.00769401262981,0.131782945737,0.100775193798,0.410852713179,0.263565891472,2.19788499341,4.40642137112,0.425973509765,0.0542635658916,1.12587700372,8.81972769537,0.897341030025,3.10115106021,0.021955666726,0.51813158572,0.561584172624,0.286203569399,4.98767291289,0.0077519379845,1.27515923567,3.37901615668
2018-09-07 00:00:00,0.0232558139535,0.15503875969,0.797200038389,0.811916981034,2.37381404155,1.26986763541,1.99258079475,1.68661204212,4.35475903192,7.15901193408,1.20365074297,2.58455923865,0.0,0.000760440555689,0.271411246426,0.100775193799,0.224713137313,0.239691302238,0.0307760505192,0.224806201551,0.116279069768,0.29457364341,0.209302325581,2.1282337084,4.69070662088,0.425973509765,0.0465116279069,1.04046564482,9.04389869317,0.881869632956,3.24772287647,0.0182963889383,0.556798121968,0.830836858129,0.425437738296,5.02563084981,0.0,0.989808917194,3.70779312521
2018-09-08 00:00:00,0.0232558139535,0.0930232558143,0.565005852451,0.649533584829,1.33953500378,0.756516889181,1.32559939546,0.670580691442,1.9648544435,4.18969319487,0.555793402562,1.7167852656,0.0,0.000138261919216,0.124073712652,0.0697674418605,0.139477119711,0.177835482306,0.0,0.116279069768,0.0620155038761,0.29457364341,0.186046511629,1.77223825173,2.88346467603,0.30205394329,0.031007751938,0.458115470477,3.90898177444,0.440934816478,1.23428897919,0.00731855557534,0.463998434974,0.430804296807,0.146969400503,2.84684526991,0.0,0.713375796174,2.54910777357
2018-09-09 00:00:00,0.015503875969,0.0775193798449,0.619184495834,0.780986810328,1.69686404634,1.13477533378,1.72704274549,0.92120175794,2.29366681976,5.17687507935,0.71264307445,2.10611088594,0.012987012987,0.000276523838432,0.139582926733,0.0930232558142,0.185969492948,0.177835482306,0.0230820378895,0.077519379845,0.0930232558139,0.310077519379,0.209302325581,1.74902115672,3.71601433602,0.232349187145,0.015503875969,0.551291498371,5.90550472373,0.564705993033,1.6662901219,0.021955666726,0.541331507469,0.438497230677,0.170175095319,3.93244226616,0.0,1.07006369426,3.08934481878
2018-09-10 00:00:00,0.015503875969,0.0775193798449,0.866858294169,0.788719353005,2.11344865878,1.43873301246,1.68104402831,1.30052012886,3.84951074644,5.93863747844,1.00929354085,2.04513217432,0.0,0.000276523838432,0.240392818263,0.0852713178292,0.201466950694,0.193299437288,0.0307760505192,0.131782945737,0.0542635658915,0.302325581396,0.15503875969,2.0817995184,3.54002822903,0.441463455578,0.031007751938,0.667761533236,6.64106581032,0.611120184244,2.93915063169,0.0146371111507,0.549064814718,0.638513511338,0.262997874583,4.59291036879,0.0,0.963057324837,2.93219811795
2018-09-11 00:00:00,0.0387596899225,0.147286821705,0.859118487971,0.804184438372,2.26607664179,1.72579845698,1.81276792879,1.504585193,4.21549574873,5.21472082396,1.14227478441,2.13605731292,0.0,0.000124730366089,0.209374390455,0.0775193798448,0.263456781676,0.139175594849,0.0,0.186046511628,0.0852713178293,0.224806201549,0.193798449612,2.07406048673,4.44538111757,0.495684252353,0.0697674418605,1.20352369361,8.04636757004,0.750362757865,3.1011512052,0.0294514955598,0.626397887219,0.723135794356,0.33264779734,5.13044162981,0.0077519379845,1.68152866242,3.41569789048
2018-09-12 00:00:00,0.0232558139535,0.131782945737,0.843638875574,0.896974950496,2.37201841821,1.48705163486,1.96749091234,1.47897523227,4.26058126477,6.17215801913,1.18660186559,2.44189102214,0.0,0.000436556281312,0.263656639832,0.116279069767,0.247959323931,0.216495369765,0.0153913972129,0.217054263566,0.0775193798447,0.333333333332,0.310077519379,2.14371177174,5.21582293703,0.43372372081,0.0775193798449,0.869642926997,8.43627965496,0.858662537354,2.98543660798,0.0294514955598,0.603197965471,0.66928525648,0.425479740785,5.15324359263,0.0,1.44331210191,3.7604545054
2018-09-13 00:00:00,0.015503875969,0.124031007752,0.951996162347,0.773254267666,2.32353658833,1.48023029709,1.86922090928,1.4661702519,4.10278195868,5.5880611139,1.10476725417,2.1934011334,0.0,0.000561286647401,0.13958292697,0.0930232558142,0.27120551055,0.177835482308,0.00769569860648,0.131782945737,0.100775193798,0.410852713179,0.263565891472,2.19788499341,4.43856304836,0.425978654364,0.0542635658916,1.1258770037,8.9254420887,0.897341030025,3.1011512052,0.0220886216698,0.518131585722,0.561584180724,0.286231825618,4.99362985303,0.0077519379845,2.00382165606,3.37948396035
2018-09-14 00:00:00,0.0232558139535,0.15503875969,0.797200038389,0.811916981049,2.37381404155,1.28241150163,1.99258112588,1.59422005557,4.08023920065,5.54590979084,1.20365074297,2.63303709042,0.0,0.00068601701349,0.271411246886,0.100775193799,0.224713137313,0.239691302241,0.0307827944259,0.224806201551,0.116279069768,0.29457364341,0.209302325581,2.1282337084,4.72492195472,0.425978654364,0.0465116279069,1.0404656448,9.15230002899,0.881869632956,3.24772302831,0.0184071847248,0.55679812197,0.830836870112,0.425479740785,5.03163312435,0.0,1.55541401273,3.708306446
2018-09-15 00:00:00,0.0232558139535,0.0930232558143,0.565005852451,0.649533584841,1.33953500378,0.763989830756,1.32559961575,0.633846528114,1.84099190453,3.24565187543,0.555793402562,1.74898652466,0.0,0.000124730366089,0.124073712862,0.0697674418605,0.139477119711,0.177835482308,0.0,0.116279069768,0.0620155038761,0.29457364341,0.186046511629,1.77223825173,2.90449747865,0.302057591278,0.031007751938,0.45811547047,3.95583533399,0.440934816478,1.23428903689,0.00736287388995,0.463998434976,0.43080430302,0.146983910453,2.8502453499,0.0,1.12101910827,2.54946068161
2018-09-16 00:00:00,0.015503875969,0.0775193798449,0.619184495835,0.780986810343,1.69686404634,1.14598474614,1.7270430325,0.870738664885,2.14907626406,4.01039730802,0.71264307445,2.14561461633,0.012987012987,0.000249460732178,0.13958292697,0.0930232558142,0.185969492948,0.177835482308,0.0230870958195,0.077519379845,0.0930232558139,0.310077519379,0.209302325581,1.74902115672,3.7431199901,0.23235199329,0.015503875969,0.551291498363,5.97628886478,0.564705993033,1.6662901998,0.0220886216698,0.541331507471,0.438497237001,0.170191896314,3.93713890998,0.0,1.68152866242,3.08977251926
2018-09-17 00:00:00,0.015503875969,0.0775193798449,0.866858294169,0.788719353019,2.11344865878,1.45294494599,1.68104430767,1.22927811513,3.60684128234,4.60051583084,1.00929354085,2.08349214414,0.0,0.000249460732178,0.240392818671,0.0852713178292,0.201466950694,0.19329943729,0.0307827944259,0.131782945737,0.0542635658915,0.302325581396,0.15503875969,2.0817995184,3.56585019093,0.441468787253,0.031007751938,0.667761533225,6.72066648139,0.611120184244,2.93915076911,0.0147257477799,0.54906481472,0.638513520547,0.263023839757,4.59839583118,0.0,1.51337579617,2.93260406246
2018-09-18 00:00:00,0.0387596899225,0.147286821705,0.859118487971,0.804184438374,2.26607664179,1.74117569234,1.81276781375,1.6229430965,4.04653559281,7.33844426429,1.14227478441,2.17375072934,0.0,0.0513945744144,0.209374390532,0.0775193798448,0.263456781676,0.13917559485,0.0,0.186046511628,0.0852713178293,0.224806201549,0.193798449612,2.07406048673,4.53085558123,0.495681233896,0.0697674418605,1.20352369361,8.12498933441,0.750362757865,3.10115124579,0.029497697026,0.626397887219,0.723135796721,0.33262988291,5.13442980046,0.0077519379845,2.14012738853,3.41427770125
2018-09-19 00:00:00,0.0232558139535,0.131782945737,0.843638875574,0.896974950499,2.37201841821,1.50030158469,1.96749078748,1.59531853316,4.08981404836,8.68580296872,1.18660186559,2.48498125881,0.0,0.17988101045,0.263656639928,0.116279069767,0.247959323931,0.216495369765,0.0153895677119,0.217054263566,0.0775193798447,0.333333333332,0.310077519379,2.14371177174,5.31611122645,0.43372107966,0.0775193798449,0.869642926999,8.51871128456,0.858662537354,2.98543664706,0.029497697026,0.603197965471,0.669285258669,0.425456826978,5.15724948848,0.0,1.83694267516,3.75889097222
2018-09-20 00:00:00,0.015503875969,0.124031007752,0.951996162347,0.773254267668,2.32353658833,1.49341946734,1.86922079066,1.58150625148,3.93833945398,7.86382941947,1.10476725417,2.23210645362,0.0,0.231275584864,0.139582927021,0.0930232558142,0.27120551055,0.177835482308,0.00769478385597,0.131782945737,0.100775193798,0.410852713179,0.263565891472,2.19788499341,4.52390641622,0.425976060378,0.0542635658916,1.1258770037,9.01265336742,0.897341030025,3.10115124579,0.0221232727695,0.518131585723,0.56158418256,0.286216410876,4.99751167247,0.0077519379845,2.55031847134,3.37807882826
2018-09-21 00:00:00,0.0232558139535,0.15503875969,0.797200038389,0.811916981051,2.37381404155,1.29383806387,1.99258099944,1.71962906821,3.9167002262,7.80451174066,1.20365074297,2.67950033974,0.0,0.282670159279,0.271411246985,0.100775193799,0.224713137313,0.239691302241,0.0307791354238,0.224806201551,0.116279069768,0.29457364341,0.209302325581,2.1282337084,4.81577134631,0.425976060378,0.0465116279069,1.0404656448,9.24172795657,0.881869632956,3.24772307083,0.0184360606412,0.55679812197,0.830836872829,0.425456826978,5.03554448579,0.0,1.97961783439,3.70676459509
2018-09-22 00:00:00,0.0232558139535,0.0930232558143,0.565005852451,0.649533584843,1.33953500378,0.770797144432,1.32559953163,0.68370794278,1.76720360114,4.56746126843,0.555793402562,1.77984959046,0.0,0.0513945744144,0.124073712908,0.0697674418605,0.139477119711,0.177835482308,0.0,0.116279069768,0.0620155038761,0.29457364341,0.186046511629,1.77223825173,2.9603442908,0.302055751906,0.031007751938,0.458115470471,3.99448814855,0.440934816478,1.23428905305,0.00737442425651,0.463998434976,0.430804304429,0.146975994774,2.85246100026,0.0,1.42675159235,2.54840065912
2018-09-23 00:00:00,0.015503875969,0.0775193798449,0.619184495835,0.780986810345,1.69686404634,1.15619571665,1.7270429229,0.939235153719,2.06293971398,5.64365344111,0.71264307445,2.18347668338,0.012987012987,0.102789148829,0.139582927021,0.0930232558142,0.185969492948,0.177835482308,0.0230843515679,0.077519379845,0.0930232558139,0.310077519379,0.209302325581,1.74902115672,3.81509158604,0.232350578388,0.015503875969,0.551291498364,6.03468370827,0.564705993033,1.66629022161,0.0221232727695,0.541331507471,0.438497238435,0.170182730791,3.94019946168,0.0,2.14012738853,3.08848784427
2018-09-24 00:00:00,0.015503875969,0.0775193798449,0.866858294169,0.788719353021,2.11344865878,1.46589099789,1.68104420099,1.32597904054,3.46227644304,6.47410094448,1.00929354085,2.12025798208,0.0,0.102789148829,0.240392818759,0.0852713178292,0.201466950694,0.19329943729,0.0307791354238,0.131782945737,0.0542635658915,0.302325581396,0.15503875969,2.0817995184,3.63441329598,0.441466098939,0.031007751938,0.667761533227,6.78633470396,0.611120184244,2.93915080758,0.014748848513,0.549064814721,0.638513522635,0.263009674858,4.60197041376,0.0,1.92611464968,2.93138473545
2018-09-25 00:00:00,0.0387596899225,0.147286821705,0.859118487971,0.804184438375,2.26607664179,1.75526264974,1.81276778126,1.53929767978,4.08506822403,6.73170947908,1.14227478441,2.20987771396,0.0,0.000101510607996,0.209374390548,0.0775193798448,0.263456781676,0.13917559485,0.0,0.186046511628,0.0852713178293,0.224806201549,0.193798449612,2.07406048673,4.55071987963,0.495682755849,0.0697674418605,1.20352369361,8.18984998762,0.750362757865,3.10115125716,0.0294629803956,0.626397887219,0.723135797257,0.33263965585,5.13702863147,0.0077519379845,0.76433121019,3.414841954
2018-09-26 00:00:00,0.0232558139535,0.131782945737,0.843638875574,0.896974950499,2.37201841821,1.51243975352,1.96749075222,1.51309686821,4.12875879328,7.96766999545,1.18660186559,2.52628078709,0.0,0.000355287127985,0.263656639949,0.116279069767,0.247959323931,0.216495369765,0.0153905603334,0.217054263566,0.0775193798447,0.333333333332,0.310077519379,2.14371177174,5.33941826368,0.433722411369,0.0775193798449,0.869642926999,8.58671496502,0.858662537354,2.985436658,0.0294629803956,0.603197965471,0.669285259165,0.42546932725,5.15985986985,0.0,0.656050955415,3.75951217668
2018-09-27 00:00:00,0.015503875969,0.124031007752,0.951996162347,0.773254267668,2.32353658833,1.50550195649,1.86922075716,1.49999646242,3.97584180094,7.21365634709,1.10476725417,2.26920329018,0.0,0.000456797735981,0.139582927032,0.0930232558142,0.27120551055,0.177835482308,0.00769528016671,0.131782945737,0.100775193798,0.410852713179,0.263565891472,2.19788499341,4.54374024791,0.425977368306,0.0542635658916,1.1258770037,9.08460011842,0.897341030025,3.10115125716,0.0220972352967,0.518131585723,0.561584182977,0.28622482015,5.00004120132,0.0077519379845,0.91082802548,3.37863709868
2018-09-28 00:00:00,0.0232558139535,0.15503875969,0.797200038389,0.811916981051,2.37381404155,1.30430584249,1.99258096373,1.63100052028,3.95399651632,7.15924299102,1.20365074297,2.72403270781,0.0,0.000558308343977,0.271411247007,0.100775193799,0.224713137313,0.239691302241,0.0307811206668,0.224806201551,0.116279069768,0.29457364341,0.209302325581,2.1282337084,4.83688478004,0.425977368306,0.0465116279069,1.0404656448,9.31550337797,0.881869632956,3.24772308273,0.0184143627472,0.55679812197,0.830836873446,0.42546932725,5.03809326524,0.0,0.707006369425,3.70737718501
2018-09-29 00:00:00,0.0232558139535,0.0930232558143,0.565005852451,0.649533584843,1.33953500378,0.777033267866,1.32559950787,0.648470086373,1.78403157734,4.18982841712,0.555793402562,1.80943007451,0.0,0.000101510607996,0.124073712917,0.0697674418605,0.139477119711,0.177835482308,0.0,0.116279069768,0.0620155038761,0.29457364341,0.186046511629,1.77223825173,2.97332311154,0.302056679346,0.031007751938,0.458115470471,4.02637558863,0.440934816478,1.23428905757,0.00736574509891,0.463998434976,0.430804304749,0.14698031305,2.85390479526,0.0,0.509554140125,2.54882181468
2018-09-30 00:00:00,0.015503875969,0.0775193798449,0.619184495835,0.780986810345,1.69686404634,1.1655499018,1.72704289195,0.890827593402,2.08258380049,5.17704216287,0.71264307445,2.21976530999,0.012987012987,0.000203021215992,0.139582927032,0.0930232558142,0.185969492948,0.177835482308,0.0230858405001,0.077519379845,0.0930232558139,0.310077519379,0.209302325581,1.74902115672,3.83181781276,0.232351291804,0.015503875969,0.551291498364,6.08285774409,0.564705993033,1.66629022772,0.0220972352967,0.541331507471,0.438497238761,0.1701877309,3.94219382385,0.0,0.76433121019,3.0889982561
2018-10-01 00:00:00,0.015503875969,0.0775193798449,0.866858294169,0.788719353022,2.11344865878,1.47775076835,1.68104417086,1.25763895539,3.49524553928,5.93882914782,1.00929354085,2.15549593576,0.0,0.000203021215992,0.240392818777,0.0852713178292,0.201466950694,0.19329943729,0.0307811206668,0.131782945737,0.0542635658915,0.302325581396,0.15503875969,2.0817995184,3.65034738811,0.441467454429,0.031007751938,0.667761533227,6.84050906453,0.611120184244,2.93915081835,0.0147314901978,0.549064814721,0.638513523109,0.2630174023,4.60429973637,0.0,0.68789808917,2.93186918399
